channel,channel_title
UCe-t9Ac1KIE3Qx1U26-uAgA,Digital Sausage
UCUkitdWbPD3N1F-U12fVssg,Andris Kardos
UCIT5RrpnbNVUSljNV9WkinA,Justin McGaw
UCTlrObKVMkYBIMlSSZgdWDA,Reel Israel
UCHImy5FxDeJ38DqTDE8r6bg,Erica Buehler
UCj2d6IJ0SOYaD58IBj9UoPA,benjichilders
UC0WcftHKKNUK3OmMkcAWprg,Markus.L
UCn7dB9UMTBDjKtEKBy_XISw,Miley Cyrus
UC28OQSWdiW7jkadedZRRyZA,The Strokes
UCIxuz3jvLybsnmhk06wN-kg,Mouser Electronics
UCTbZoMT3JBxwyFMPUfR7StQ,Travel Montages
UCRTt2DPDc49j7rHLmzv5TmA,Delludus
UCJ9GEhPK59dUoG4-O-2ukpQ,Taylor LaBrier
UCe_M1kv0rtn-lKohSli66jg,kworldk
UCkaZqY_oj_1NDfYwZ_hbjcQ,N P
UC0Rmmr4tOh7Pbd3AvkQm-PA,mintlou
UCgUvk6jVaf-1uKOqG8XNcaQ,savagegeese
UClPhtCEhU0eC6Q5rGZU-TFg,WRCforeva
UCLJ4ZId5VwXt85RCCpFQBrg,Gerwin Bosscha
UCbm1yO6LAE8qNbfRlcotUvw,crystaltim
UCgx_DxGBk4VNJEP2AmqYt3w,Valeria Leoni
UCblfuW_4rakIf2h6aqANefA,Red Bull
UCtbLA0YM6EpwUQhFUyPQU9Q,Driver61
UCggccVQxXZFny58cconVANA,John Smith
UCzoFjzSkbrDD1GHsz2YNLig,Mr Bean Cartoon World
UC1ql6lT8EnD3ZHaO8hY8vGQ,enlightened marauder
UCNSrflFZLLjdPgqIEvEZXDg,David Webb
UC_FY6_2rME2A8cWKcZDBtRA,WWII ETO TOURS (281) 804-0434
UCHa9ZKbhjOZn_aOhkOLTOIw,indiancarsjeeptv
UCkj0Etx3CYmZ4TsaoU_AFtA,Best Defense Foundation
UCl65QDueXG-1J9ZyDMgRY7A,Shvaratri & Astro-D vs Oberon - Topic
UCwsIouwj4mDeGHoh8vv13jA,Psytrance Dj Celteric
UCVdXDyyfnbT5uq1yiWTk6xg,PlanetBENrecords
UCPvkTCeGc0U7KUL5QVcKF-w,Trancentral
UCe8csiTAJJFuS9E6nAJybNw,Talamasca
UCyTNs1RGpjcgEnOoI4L0xHg,U96 - Topic
UCQX1kJiJhqwShYyTdAR4pkQ,English Listen
UCFPZKY9g-6LtnolLImn7H2Q,Dennis Morrison
UCyOEd4oxpTbI28c7n5bbUPg,Groovy Graveyard
UCwjA7ED-pZ5YB5csK84MPrw,Gerald Aldridge
UCfQdN2s9XhhdCLAqf7MupsA,Orson Welles - Topic
UCl-Dss8mKUsSRVuJ1UqfyUQ,Orson Welles / Mercury Theatre Radio Production - Topic
UCeC3H199bmn15-dkduARttw,Guy Hutchinson
UCNG0TGU7c6AM1g7uLmQKRTQ,Rob P
UCQktIgvRhCz8iOv0b_xqomw,Bob Koshinski
UC-xdNeJY_Pwr7XTCmvGRzyw,Read Me
UCtzVCeat3q-9GtuMcRd9DDA,stroumfomouro
UCGvR352Oa5gj48zwdrUyWyg,Charles Briggs
UCj0joMN07RBHBnL9rDLthiA,Dalekmaster42
UCHrz6qtqlly9bxWpIvHFlFg,TCC - Timeless Classics Now in Color
UCDaXZCPj6W-Oo_DqkhCECVw,Sherlock Holmes Stories Magpie Audio
UCi3lg47wNwWo-rJvHejdycQ,Classic Radio
UCyXhKbsAF8829QtLnsE47Rg,Fritz Reiner - Topic
UCeIr8YR7Almg2Bzoy1y1BAQ,Tom Rosenthal
UCwY440GNKsdX4ADCdFgCNvA,TAM TAM MUSIC
UCNp-tavZfn0KzgGPOY4Z57w,CAR CRASHES
UCaLWkUlEaYXz3ByHpzwjlaQ,Christopher Marco
UCoq5-gOqlmPJ663lHS_MYVQ,Bridge Language School
UCr3Au820tOLjNy77Fuz4OqA,Thing Lis
UChyXzWISlyeDrYzYghHtNDA,Ben's_cumbershine
UC8EYyUGosIGMGH3v65rxKbw,Vintage Radio Programs
UCc5XgfV_z8cPyMr2b8NY13g,Chesterton Radio
UCNsULwFy2a8NXb5MTZA0Z-g,ChillySunshine
UCs39JWXLFLHziUrUB2JW2NQ,Easy Wand
UCD9_zEfqZY-3iDrySreVBGg,Nerdsworth
UCFQW-1Ptig703cKOim3VTow,Armchair Audio
UCNES0cK2LlV3ruxh5DQ-Uxw,Clarence Clarke
UC-Nj44PH01v-xpZpj_RqytA,wülf fr
UCXOhjohGQnwlVrKzmoXi3oQ,Ranma Toushin
UCe4iDCnhR3Tt0m7V7h_9wVg,Cape Swoosh Productions
UCUwB26y3fBowxZP2WcZ3I_A,Children's Topics & Stories Radio
UCoTikOC9V9LVrzLP-puFz_w,Baudio Channel
UC_TgNDnAQGV54Vw4hA-585g,Wayne Toolereretg
UCWS5L-GTRCMCj0sLFyAgqUQ,Lana King
UCbIdGINRBaDHTiQb18Qs0QQ,Dominick Gordon
UCSOg94JHHTzSylzBVPn9eEA,James Brunner
UCZGARVymbC6qw93n1OtCS2A,Darren Clifford
UCRfCyWyFYznOEKJ8rBa0Y_g,Stewart Breed
UCbt-59NCFgSp7zMA3_2zsAQ,Michael Hanson
UCxW9GTpI6XamtfHfVJNTmKw,Clarence Osborne
UC9jitMciio-L03Eb8SVw_Pg,Edwin Veras
UC-ylJJpnj7HHoxlsK0opmUA,Ares
UCX2U8aqDM-F86cgmDOAeHqw,Kristofer Mcferren
UCzVqKdGa9Pw9FYuxNCDuxZg,Shaun
UCliu_A8XGMRcolLOt8tFoUQ,Omiyayi Apiciraco
UCr9craRPD5fqSu2zoJj93nA,Steven Campbell
UC68UHvnLaZ9RSOZT4pu--EQ,umar rajput
UCRzY1GURM7cTJk-TzbiLW_w,Otofeyaja Agiso
UCkdTkgCQ9Yrg38rKVN4gDNQ,John Trejo
UCCX5s8wmZwrZqwBd8JRazUw,Richard Maze
UC-RMYj7DWCY_W9MWzmQPUGw,panzoom
UC2g_ky4AOXvoxARdc85_mwA,84asrd84boxy
UC7sCBJZhK2ZwibJZ1UO9hYA,A PS
UCKBGt6VmZCgeof8Bnk2obQg,Tauro
UCdFs1XSM1iTNThfP6EPJiEw,The Greatest Generations Foundation
UCK6qviaDENSgsKy5ily9xeg,Robby163460
UCJCdiZtw9zStiR3xgnp7qlg,First Coast News
UCVOvJHgTAuXykTVTyC_-EMQ,Pedro Isidoro
UCuK4TSMR5_SGz5nYBZyxZ8w,Pernelle Pouteau
UCr88UQmfH2QWh9FpUOYY_KQ,"BASTOGNE, BELGIUM"
UCj8GSwXIrwIqD8S2QLneETg,Jiri Prusa
UCgrmV1L_zs_GLByCPL-e8YA,V L
UCK80zh0Oj6254qKak5OkJeQ,hdarchives
UCHgYtrhdbatKMuhqCJDozUA,David Zelden
UCd_wvw64RcSl6rRSyCs0xDg,Mystical Complex - Topic
UC6_zx7NM6s8-8lxgyV8zcTg,DNARecordsTV
UClCirLuzLpHyVRxX-zYNX0g,Future Prophecy - Topic
UC-LiuPj2lhuagDqCrzJOfKA,Ananda Shake - Topic
UCqDqBXTdkSAXtfxciqtNMuA,Raytheon - Topic
UCtVuMiVGH4QsA_I-fmyylHg,pleiadiansM45
UC-UAwiZp-Xgg6pVxKeg3QeA,Raves Mexico
UC3NKcKhyMrTFhJwGXr8WBMw,João Luís Marques
UCnwjkii6DbF_7MYykNlnTaw,Melicia - Topic
UCHx9QI_i7TvUlbCTdcEYhVQ,AgitatoRecords
UCADdGb5s54gG6kNiAYliGIQ,ON3
UCkVFc9miJ4X4zdGN8LdLYzQ,432 Records
UCxa4ECs-iHPr7o4wzLidHCA,NightmarezProduction
